1,34.6,30.1,67.9
2,35.8,28.1,67.5
3,41.1,28.8,67.1
4,37.2,28.5,67.5
5,41.4,25.8,53.5
6,40.9,29.0,70.5
7,39.6,26.4,57.4
8,41.6,26.2,53.9
9,38.2,25.9,54.0
10,38.8,26.2,57.6
11,44.2,27.9,70.1
12,40.0,29.7,65.3
13,46.7,29.7,57.6
14,39.8,27.2,54.6
15,42.9,27.5,55.4
16,38.0,25.9,66.4
17,46.8,26.4,59.9
18,41.0,25.7,54.2
19,42.3,28.5,70.2
20,46.1,29.0,63.5
21,39.5,29.0,53.5
22,41.6,26.0,66.1
23,47.2,29.6,63.0
24,43.3,27.7,65.6
25,48.7,28.7,59.5
26,40.9,25.8,57.0
27,49.6,28.5,58.2
28,47.0,28.7,66.3
29,48.1,28.5,61.7
30,46.1,26.4,56.3
31,41.2,29.0,63.9
32,49.4,29.8,56.1
33,49.5,25.7,65.9
34,48.6,27.1,58.1
35,44.8,27.8,61.4
36,49.6,28.6,60.9
37,48.4,27.5,60.7
38,51.2,26.5,70.9
39,50.6,26.4,72.9
40,46.1,27.4,55.3
41,43.8,29.3,73.0
42,50.4,27.1,62.9
43,51.8,27.9,71.7
44,51.0,28.4,71.9
45,45.4,28.8,61.1
46,49.9,28.3,58.8
47,52.1,26.1,64.6
48,52.0,26.1,56.3
49,46.3,28.2,57.5
50,47.4,27.7,66.1
51,45.5,27.0,58.6
52,46.3,27.7,55.5
53,49.0,27.5,60.6
54,49.6,29.1,68.5
55,53.1,26.8,61.8
56,46.3,25.1,72.7
57,49.7,29.3,69.1
58,54.5,25.4,59.0
59,52.0,25.1,66.4
60,47.9,29.1,64.1
61,55.5,29.0,58.8
62,51.7,29.0,60.0
63,48.3,29.0,72.2
64,52.7,28.1,69.0
65,55.3,28.4,61.7
66,54.9,28.4,72.8
67,48.1,26.3,70.6
68,50.2,25.1,70.8
69,55.7,24.8,70.1
70,56.0,26.4,74.5
71,58.5,25.2,57.7
72,53.9,25.7,68.6
73,58.7,25.3,75.4
74,54.8,26.5,64.3
75,51.1,25.7,67.6
76,52.8,27.3,65.0
77,54.8,28.1,66.4
78,52.9,25.4,66.9
79,55.2,25.8,72.2
80,51.1,27.6,72.3
81,54.0,24.4,73.8
82,50.9,27.9,63.3
83,58.6,28.1,69.5
84,58.9,27.3,56.8
85,57.3,24.3,61.1
86,58.1,27.7,65.2
87,53.6,25.8,73.6
88,52.8,24.5,74.9
89,60.9,28.1,73.2
90,53.5,27.9,70.4
91,54.6,24.4,66.8
92,60.4,26.1,57.6
93,55.7,26.5,65.4
94,52.4,23.8,69.1
95,62.0,25.9,67.4
96,62.0,24.3,63.3
97,55.9,25.0,57.4
98,58.1,24.9,69.2
99,56.2,25.1,72.3
100,53.7,25.6,70.9
101,53.1,23.8,70.0
102,55.0,26.1,70.6
103,55.1,27.7,71.7
104,60.4,25.7,64.3
105,55.9,26.4,66.3
106,61.8,25.1,73.9
107,54.6,25.8,62.8
108,61.9,27.2,67.2
109,56.0,24.7,60.0
110,55.0,24.3,65.7
111,54.9,24.1,68.9
112,54.3,24.1,77.2
113,61.4,26.4,65.8
114,58.9,23.3,63.9
115,59.6,26.7,59.9
116,56.8,26.4,62.0
117,62.8,26.6,64.6
118,56.5,26.3,61.7
119,55.0,26.5,67.8
120,59.5,22.8,61.5
121,63.3,23.9,60.0
122,59.0,26.2,72.6
123,58.2,25.7,76.6
124,61.5,22.6,75.1
125,61.2,25.4,68.7
126,59.9,23.8,78.0
127,62.9,23.4,77.6
128,64.4,23.7,64.7
129,55.6,23.4,61.1
130,55.9,22.3,66.1
131,57.1,23.3,64.3
132,56.8,23.4,74.8
133,63.5,25.6,67.4
134,63.6,25.9,65.9
135,61.1,23.6,73.2
136,60.5,23.7,69.5
137,58.7,22.4,77.8
138,60.8,21.9,78.6
139,57.4,23.6,68.5
140,65.5,24.3,64.4
141,58.9,24.7,62.4
142,60.7,25.2,72.2
143,64.3,25.1,61.9
144,57.8,21.8,76.8
145,64.2,23.4,76.3
146,65.8,22.7,75.8
147,60.6,24.3,66.5
148,57.7,24.8,60.8
149,60.2,23.6,73.6
150,56.5,22.8,63.2
151,57.7,24.2,77.6
152,58.3,22.0,66.8
153,61.0,22.0,76.3
154,58.1,24.7,60.8
155,57.4,23.4,77.2
156,61.8,21.5,64.1
157,65.2,21.1,69.7
158,59.6,25.1,60.6
159,61.5,24.5,62.5
160,58.0,25.1,65.3
161,61.5,20.7,75.4
162,58.2,24.5,65.7
163,66.3,24.2,75.3
164,63.6,21.9,78.8
165,57.5,21.1,76.7
166,58.3,23.5,60.7
167,60.0,24.4,75.1
168,60.1,24.7,68.7
169,64.1,23.9,71.5
170,65.5,22.1,74.7
171,59.4,23.2,73.6
172,61.2,22.4,79.6
173,58.9,23.9,79.5
174,57.7,22.6,71.9
175,56.4,22.9,77.6
176,64.3,24.0,63.8
177,61.7,22.9,65.7
178,56.2,21.7,78.7
179,65.1,20.1,67.7
180,57.9,22.2,63.7
181,59.7,20.7,74.1
182,60.7,21.2,64.6
183,60.7,23.4,80.3
184,57.8,22.1,68.0
185,62.5,20.1,76.8
186,58.5,19.5,72.4
187,59.0,20.4,62.8
188,56.1,20.1,77.3
189,63.5,22.9,78.9
190,57.3,23.5,78.2
191,56.6,22.7,74.7
192,63.1,23.3,69.3
193,59.5,20.1,66.6
194,62.9,21.7,71.0
195,63.0,19.3,73.4
196,59.2,20.6,71.3
197,60.7,20.3,78.5
198,62.7,20.3,70.4
199,63.7,19.3,80.8
200,61.9,20.6,78.0
201,55.9,23.1,74.4
202,55.1,19.6,71.3
203,57.7,21.3,78.3
204,58.1,19.6,65.5
205,59.3,19.3,77.0
206,61.5,20.8,79.8
207,55.4,22.9,74.4
208,63.5,19.8,75.0
209,61.5,20.4,70.7
210,59.1,18.7,76.5
211,62.6,18.4,66.4
212,59.5,22.5,68.1
213,54.4,20.9,66.3
214,60.7,18.9,70.6
215,62.1,21.3,69.2
216,58.6,22.0,68.4
217,61.7,19.8,70.9
218,59.2,19.0,62.6
219,56.7,22.3,69.9
220,61.7,19.4,69.1
221,58.8,20.0,65.3
222,60.3,19.5,79.2
223,54.0,21.3,69.9
224,57.4,18.2,63.4
225,52.6,17.9,73.8
226,53.5,18.3,78.3
227,59.5,20.1,63.2
228,53.8,18.9,67.9
229,60.3,19.6,66.3
230,57.7,21.2,68.7
231,56.8,20.6,73.8
232,52.0,21.1,65.6
233,57.3,17.7,70.5
234,57.1,19.2,76.6
235,57.2,21.4,78.8
236,51.3,17.7,67.5
237,56.3,19.0,81.7
238,50.4,20.9,71.5
239,56.1,18.9,75.8
240,55.2,21.4,75.7
241,57.2,19.5,67.0
242,57.5,18.1,70.2
243,57.7,17.2,73.4
244,53.2,19.6,63.8
245,58.1,20.0,70.2
246,56.0,19.2,82.4
247,56.7,20.5,74.8
248,53.0,20.3,71.3
249,50.1,19.4,72.9
250,51.2,17.1,74.9
251,50.0,20.0,79.8
252,49.1,18.9,81.8
253,51.8,20.3,81.9
254,50.5,17.8,68.1
255,53.1,18.3,73.1
256,49.0,18.6,76.6
257,54.0,17.3,79.6
258,46.1,19.0,65.1
259,48.1,17.7,63.9
260,52.4,20.9,81.2
261,50.8,18.3,64.4
262,47.5,18.8,64.9
263,48.7,20.5,68.7
264,47.2,18.6,68.7
265,52.5,20.7,71.2
266,53.3,19.4,66.1
267,48.6,20.3,69.9
268,47.2,18.6,66.9
269,50.8,16.8,75.0
270,52.4,19.2,65.2
271,46.8,20.6,80.3
272,49.3,17.7,63.7
273,47.8,20.5,64.4
274,44.3,19.1,70.7
275,47.8,18.1,64.8
276,49.0,17.7,77.1
277,45.1,18.7,72.7
278,42.9,18.6,68.8
279,45.2,18.7,64.5
280,47.7,17.6,78.9
281,47.7,19.2,66.1
282,48.5,18.6,66.4
283,42.9,18.6,76.9
284,48.3,20.4,64.2
285,48.0,16.3,72.5
286,45.1,18.9,74.0
287,41.5,19.8,69.9
288,41.4,19.9,78.7
289,49.3,20.1,69.6
290,46.3,20.5,68.3
291,43.9,17.7,79.7
292,44.7,17.6,65.2
293,43.9,16.6,68.7
294,42.9,20.1,82.8
295,43.1,19.5,67.4
296,45.4,17.8,72.2
297,40.4,17.2,72.2
298,38.3,17.1,68.3
299,46.9,17.9,68.9
300,45.4,18.4,81.7
301,43.8,20.3,74.0
302,41.3,18.7,68.9
303,42.4,17.8,73.3
304,43.9,16.8,68.8
305,43.4,19.2,80.2
306,42.1,17.5,78.1
307,43.6,17.2,69.5
308,36.2,19.7,78.6
309,39.1,19.2,82.4
310,42.5,17.2,81.4
311,42.5,19.4,78.1
312,37.4,18.5,72.2
313,44.1,17.3,68.2
314,39.7,17.0,73.3
315,39.3,16.2,70.2
316,35.1,18.2,77.8
317,40.9,16.2,80.2
318,40.4,20.0,65.7
319,41.0,16.3,78.6
320,41.9,19.1,75.4
321,37.8,17.7,74.3
322,35.5,20.4,76.9
323,38.0,18.1,64.0
324,34.2,17.6,70.7
325,33.1,20.3,78.4
326,35.7,16.5,81.3
327,35.7,19.5,81.6
328,38.7,17.6,63.6
329,35.2,16.7,78.5
330,33.0,18.1,74.0
331,38.9,20.2,64.3
332,36.4,20.3,80.8
333,31.5,18.5,70.7
334,34.8,19.6,69.9
335,32.8,17.5,70.1
336,38.0,20.3,73.1
337,34.6,16.5,81.6
338,38.2,17.5,74.5
339,31.9,16.2,71.8
340,30.4,16.8,66.8
341,35.5,16.9,67.7
342,37.8,16.9,67.1
343,37.0,17.2,69.3
344,31.1,19.3,73.4
345,28.0,18.1,69.9
346,35.0,17.5,81.1
347,29.9,18.6,75.0
348,27.7,20.5,78.2
349,32.3,18.1,64.5
350,30.4,17.9,76.8
351,30.3,16.7,68.7
352,30.8,16.8,74.1
353,34.3,19.8,78.7
354,28.2,20.2,71.0
355,25.8,16.5,79.4
356,33.5,20.3,71.8
357,29.7,18.7,79.9
358,25.4,17.4,67.5
359,25.3,17.1,79.4
360,32.6,17.8,65.2
361,25.3,18.5,63.8
362,31.2,17.1,76.4
363,29.8,18.2,81.9
364,28.2,17.6,79.4
365,31.2,16.8,72.7
366,30.9,19.8,75.3
367,25.1,18.8,81.7
368,30.0,20.0,68.6
369,31.2,20.2,69.7
370,31.8,19.5,76.2
371,27.5,17.5,82.2
372,25.9,19.5,65.6
373,26.2,19.1,73.4
374,22.8,17.3,73.1
375,29.9,17.1,71.3
376,26.2,20.2,78.4
377,21.8,19.3,66.6
378,25.6,20.7,64.2
379,26.7,17.5,74.7
380,23.9,17.8,63.5
381,25.2,17.7,78.0
382,28.3,19.4,81.7
383,29.7,20.0,73.4
384,29.4,17.6,82.1
385,27.4,18.6,63.9
386,24.3,19.4,63.5
387,25.6,21.0,81.6
388,28.8,21.1,77.9
389,23.6,18.7,67.9
390,27.6,18.2,73.3
391,19.6,18.5,82.1
392,22.2,18.1,66.5
393,18.9,19.0,77.2
394,25.7,21.2,64.6
395,18.4,20.9,68.3
396,23.7,18.8,64.3
397,23.4,20.8,68.1
398,26.6,18.0,69.9
399,17.4,17.8,75.0
400,18.7,21.6,77.7
401,20.5,19.6,63.8
402,19.9,21.2,77.8
403,21.2,19.2,78.8
404,23.1,19.3,70.8
405,25.0,18.8,67.0
406,20.2,19.7,76.2
407,25.8,21.3,68.0
408,18.1,18.7,71.2
409,17.0,21.3,70.4
410,16.3,22.5,68.2
411,24.4,18.7,63.3
412,21.7,20.2,80.2
413,20.9,21.0,77.7
414,22.8,18.4,63.6
415,15.4,21.4,79.3
416,20.4,19.2,62.3
417,24.3,21.0,68.6
418,22.4,20.7,64.6
419,14.9,19.9,67.1
420,23.8,21.0,72.8
421,23.9,19.0,65.1
422,19.5,20.3,81.0
423,16.7,21.8,74.2
424,20.7,20.5,64.4
425,22.1,20.3,78.6
426,19.9,21.4,63.7
427,15.7,20.6,63.1
428,17.0,23.2,72.2
429,13.9,21.3,72.7
430,16.8,20.4,64.4
431,15.2,22.4,64.3
432,23.3,21.5,67.8
433,22.0,21.6,61.7
434,18.7,20.5,69.2
435,17.6,23.0,78.7
436,22.2,23.4,67.4
437,16.0,23.6,71.7
438,19.0,20.2,74.6
439,19.5,20.4,80.0
440,19.6,22.0,61.5
441,18.8,20.4,77.7
442,16.5,20.8,62.8
443,17.3,22.5,64.4
444,17.5,20.7,63.1
445,16.4,22.1,72.4
446,17.3,20.4,62.1
447,16.6,21.3,78.0
448,18.6,23.2,72.5
449,18.6,22.2,79.0
450,18.4,20.2,71.0
451,20.6,21.9,69.5
452,18.2,21.4,78.7
453,19.7,23.6,76.7
454,17.0,22.7,78.6
455,18.9,22.4,66.7
456,19.2,21.9,62.3
457,13.3,23.2,61.7
458,12.5,23.1,63.0
459,19.7,21.4,62.9
460,18.5,22.7,63.3
461,13.8,24.6,79.5
462,15.0,21.0,62.7
463,20.6,24.6,67.8
464,18.3,24.7,78.0
465,17.6,23.0,75.6
466,19.1,21.3,61.0
467,16.7,22.2,72.4
468,14.3,24.4,75.5
469,17.7,23.3,72.6
470,21.5,22.5,63.6
471,15.7,24.2,62.4
472,14.2,21.8,64.4
473,15.8,24.2,75.0
474,21.1,24.8,74.9
475,20.5,21.1,78.1
476,11.9,24.8,79.0
477,15.1,25.1,67.8
478,19.0,21.9,63.1
479,12.9,24.5,65.9
480,20.3,21.4,61.3
481,19.2,23.0,65.6
482,16.7,25.1,68.9
483,21.7,24.0,61.8
484,17.5,25.6,73.2
485,21.3,23.9,72.2
486,20.7,22.9,65.7
487,19.6,23.9,62.0
488,12.0,21.8,66.4
489,18.9,25.4,70.6
490,16.6,23.5,75.5
491,21.1,22.4,67.6
492,17.9,23.1,71.7
493,21.2,23.3,65.3
494,18.3,26.2,70.8
495,12.4,22.1,75.6
496,17.8,23.0,60.2
497,17.4,23.8,68.5
498,13.5,23.8,74.3
499,19.9,26.1,66.2
500,13.3,25.1,73.2
501,12.9,25.2,72.9
502,14.9,23.6,72.3
503,14.7,26.6,63.9
504,15.1,22.6,59.9
505,15.6,24.4,64.2
506,21.6,24.1,73.3
507,15.3,25.4,60.8
508,14.8,25.6,66.2
509,23.1,25.8,58.6
510,20.1,24.5,70.6
511,14.3,23.7,58.7
512,13.9,24.4,76.4
513,21.6,23.0,74.6
514,20.4,25.2,70.2
515,23.0,24.1,66.4
516,22.1,26.0,77.2
517,20.9,24.7,71.7
518,20.4,24.5,63.8
519,17.2,23.4,65.1
520,22.5,24.4,64.1
521,16.0,26.5,58.5
522,24.0,27.0,58.9
523,14.7,26.1,59.5
524,15.2,23.8,74.5
525,15.2,25.8,58.0
526,21.4,24.8,64.8
527,23.7,25.4,73.9
528,23.7,23.7,76.1
529,24.4,26.0,76.7
530,18.7,26.3,62.8
531,24.6,25.3,68.1
532,19.9,27.8,60.6
533,21.6,27.1,58.1
534,20.0,26.3,76.7
535,17.2,25.7,73.2
536,19.2,24.3,74.1
537,22.4,27.4,57.2
538,18.7,25.0,59.0
539,21.6,24.5,67.4
540,24.3,25.0,69.4
541,22.8,28.1,75.3
542,20.0,27.7,62.6
543,18.6,28.2,65.3
544,20.0,24.2,58.1
545,20.7,26.3,63.9
546,25.9,27.5,65.2
547,24.4,25.9,72.3
548,27.0,24.7,62.6
549,27.9,27.7,60.2
550,24.8,24.6,64.8
551,20.6,25.2,72.6
552,26.5,25.0,57.2
553,22.9,27.5,60.3
554,22.3,27.6,65.3
555,23.7,26.2,74.8
556,20.8,25.4,62.6
557,22.4,25.9,70.7
558,23.6,27.0,71.8
559,26.6,26.7,74.9
560,20.0,25.3,69.0
561,22.2,28.9,61.5
562,29.0,24.9,66.0
563,28.4,27.6,70.4
564,26.2,26.4,62.0
565,23.6,26.7,71.1
566,28.9,29.0,73.0
567,23.4,26.6,72.2
568,30.4,29.2,63.8
569,30.7,27.3,56.5
570,28.8,26.6,61.9
571,29.8,26.8,71.6
572,23.4,25.1,71.4
573,31.1,27.4,71.3
574,30.7,26.7,57.4
575,28.6,28.3,66.4
576,29.7,26.6,72.9
577,25.5,28.1,69.5
578,28.3,28.7,60.9
579,32.2,25.3,73.1
580,27.2,28.8,69.3
581,29.4,28.4,60.6
582,24.0,29.4,67.0
583,26.3,28.7,61.2
584,32.8,27.7,63.9
585,31.9,26.7,65.1
586,26.0,26.8,56.1
587,28.2,27.5,55.7
588,27.6,25.4,67.1
589,26.1,29.5,73.6
590,27.1,29.2,66.1
591,27.3,27.3,62.8
592,32.6,26.6,68.9
593,31.3,27.4,62.6
594,27.7,29.6,72.1
595,36.0,29.6,71.5
596,29.2,26.0,72.6
597,29.2,26.9,71.3
598,34.2,29.9,65.9
599,33.0,27.2,65.7
600,28.2,28.2,61.8
601,31.2,28.6,70.7
602,34.3,29.7,69.0
603,34.7,26.2,59.6
604,29.8,26.0,70.4
605,37.1,29.1,63.4
606,36.6,27.1,55.5
607,29.4,27.0,72.0
608,31.3,29.9,69.3
609,31.6,27.8,61.1
610,30.3,27.0,55.8
611,31.4,29.6,64.3
612,31.1,29.6,61.6
613,38.2,28.7,65.5
614,38.3,30.0,54.1
615,35.0,28.3,53.6
616,38.4,29.0,58.5
617,38.7,27.1,54.6
618,34.4,29.5,56.0
619,32.4,29.8,70.8
620,41.8,29.8,56.3
621,40.2,27.0,58.9
622,37.0,28.0,68.0
623,41.6,28.6,57.0
624,37.3,28.2,60.8
625,36.8,26.7,66.3
626,33.5,27.7,60.8
627,42.1,26.5,55.7
628,39.6,26.8,56.3
629,36.6,26.5,54.0
630,43.7,29.4,58.9
631,43.4,28.3,69.9
632,44.5,27.9,70.7
633,41.7,28.3,64.3
634,37.1,29.0,61.2
635,40.9,28.0,69.4
636,43.3,26.5,60.6
637,37.1,26.3,52.6
638,39.7,27.9,56.7
639,40.0,29.9,62.4
640,36.8,25.9,65.8
641,43.1,27.9,58.2
642,44.3,28.2,52.2
643,46.8,28.5,51.6
644,42.0,27.2,68.8
645,41.5,26.7,61.2
646,45.2,28.9,62.8
647,41.3,28.8,52.6
648,40.0,29.5,55.2
649,42.2,26.7,54.2
650,39.0,27.5,55.1
651,46.0,28.1,63.3
652,40.1,25.9,60.5
653,48.0,29.1,64.8
654,44.6,28.0,54.8
655,40.3,29.2,65.1
656,49.2,26.5,58.7
657,46.5,29.6,52.7
658,46.0,29.0,52.5
659,45.0,26.3,55.0
660,49.9,27.6,63.9
661,44.1,28.2,67.4
662,42.9,25.5,65.9
663,49.5,28.8,67.9
664,46.4,27.3,66.2
665,46.3,26.9,62.6
666,50.1,26.8,66.7
667,48.2,26.6,61.1
668,52.5,29.8,52.5
669,45.6,27.9,53.2
670,51.2,29.5,62.1
671,45.3,25.7,54.5
672,45.1,25.6,53.7
673,47.6,25.6,59.3
674,44.2,27.2,57.3
675,52.5,29.6,66.6
676,48.3,26.3,63.1
677,54.1,25.7,55.7
678,48.0,27.8,58.4
679,49.8,27.1,63.4
680,48.5,26.5,51.7
681,45.5,26.3,54.7
682,53.1,25.1,67.3
683,54.9,29.0,68.2
684,53.3,28.2,54.5
685,48.7,26.0,49.7
686,50.5,29.3,62.4
687,55.0,28.4,65.3
688,47.2,25.5,57.1
689,46.9,28.4,63.1
690,53.1,28.7,59.7
691,54.2,29.2,54.3
692,53.2,26.4,57.4
693,54.6,27.2,63.8
694,51.1,26.9,53.9
695,51.0,28.0,62.0
696,53.6,26.7,63.4
697,50.1,26.9,53.2
698,54.4,26.5,54.8
699,56.1,26.9,59.5
700,52.8,26.9,66.3
701,55.5,27.7,58.9
702,56.5,24.6,48.4
703,56.1,28.1,64.6
704,50.1,27.6,51.7
705,51.0,25.9,62.0
706,51.6,27.5,52.9
707,51.9,27.8,66.9
708,58.3,26.2,60.8
709,56.3,24.3,55.2
710,56.7,25.4,56.9
711,57.4,27.4,53.1
712,58.9,26.0,52.2
713,60.1,26.1,53.3
714,54.9,28.1,58.0
715,60.9,24.9,49.3
716,59.6,25.0,52.7
717,56.7,24.8,56.8
718,53.8,24.4,61.5
719,54.6,25.7,64.6
720,59.4,24.3,50.0
721,58.0,26.1,50.2
722,56.0,27.8,55.0
723,52.5,27.7,47.5
724,53.2,27.6,51.0
725,54.0,25.0,48.2
726,58.8,24.3,47.2
727,61.3,27.0,51.2
728,54.9,27.5,49.8
729,53.1,26.4,47.8
730,53.7,26.9,55.9
731,57.6,23.5,65.1
732,56.3,24.5,55.6
733,60.9,24.7,63.8
734,61.0,23.9,64.2
735,62.9,26.5,56.7
736,55.8,25.3,58.8
737,54.6,26.9,50.6
738,63.5,26.0,63.0
739,62.1,24.4,49.0
740,61.7,24.8,65.1
741,61.0,24.4,63.6
742,56.7,27.2,49.9
743,62.3,25.9,48.1
744,62.6,27.0,57.5
745,58.4,24.2,52.5
746,62.7,23.6,59.9
747,59.0,25.9,58.3
748,59.9,24.3,61.4
749,57.9,23.5,61.3
750,63.9,26.1,46.7
751,63.4,26.2,45.6
752,57.2,24.6,47.4
753,57.8,26.1,55.2
754,64.7,25.5,58.7
755,56.6,25.2,46.0
756,60.8,25.4,46.0
757,57.0,24.2,63.5
758,58.6,25.5,49.2
759,59.8,26.3,50.7
760,62.3,26.4,58.6
761,64.9,26.1,54.8
762,61.2,24.4,59.0
763,63.3,25.2,57.7
764,56.1,22.8,52.8
765,64.5,26.0,49.3
766,62.0,23.7,46.8
767,56.7,22.4,52.6
768,59.2,25.4,55.6
769,61.6,23.0,59.5
770,66.1,24.0,53.7
771,59.8,25.3,63.8
772,62.0,24.7,44.4
773,63.1,24.3,52.5
774,56.9,23.9,51.5
775,63.4,23.0,58.0
776,64.1,23.5,44.5
777,65.7,22.6,60.2
778,56.5,22.7,47.1
779,57.3,23.6,52.7
780,60.5,24.0,52.9
781,64.7,23.7,47.5
782,57.2,21.9,60.5
783,62.5,24.0,50.7
784,58.1,25.1,54.0
785,58.0,21.9,47.7
786,63.5,24.4,48.4
787,64.0,24.9,61.5
788,61.0,23.9,55.6
789,59.9,23.9,51.0
790,58.9,21.0,59.7
791,57.1,24.3,51.2
792,62.9,21.4,56.2
793,61.0,24.9,62.4
794,66.2,24.8,46.7
795,59.8,22.0,49.0
796,59.2,21.4,56.4
797,63.0,23.1,52.9
798,66.0,22.1,49.1
799,66.0,22.7,47.2
800,66.1,22.2,61.4
801,59.3,22.3,56.4
802,61.2,24.3,50.2
803,56.3,23.6,60.5
804,61.2,21.4,60.5
805,59.5,21.6,45.7
806,56.9,20.9,50.1
807,65.3,22.6,51.5
808,63.6,23.0,58.3
809,56.3,21.1,60.1
810,60.3,22.9,61.6
811,63.0,20.2,61.4
812,60.1,22.6,53.0
813,63.4,20.2,55.2
814,65.0,23.3,51.5
815,63.2,21.9,58.9
816,57.6,21.8,51.3
817,56.3,21.1,44.7
818,61.7,21.2,51.4
819,56.9,19.4,51.3
820,61.5,22.6,49.5
821,58.4,19.7,51.9
822,62.6,22.8,55.0
823,55.5,22.7,48.7
824,56.0,21.2,54.4
825,57.2,19.7,49.3
826,56.5,19.2,50.1
827,56.9,23.2,50.6
828,60.5,22.7,55.6
829,57.6,20.3,49.3
830,57.2,23.0,55.7
831,63.0,19.3,61.5
832,55.7,22.8,55.5
833,54.0,23.0,44.7
834,54.3,21.6,51.8
835,57.1,19.7,47.0
836,58.7,22.9,47.9
837,63.3,20.5,56.9
838,57.6,19.5,57.1
839,54.2,21.5,50.7
840,59.9,19.1,43.4
841,55.1,18.9,54.6
842,55.3,18.9,54.3
843,57.8,20.4,46.9
844,61.1,18.6,45.9
845,55.7,18.5,56.4
846,60.9,21.7,46.8
847,57.4,21.1,59.5
848,61.0,21.9,56.8
849,55.5,18.3,48.9
850,60.6,21.6,53.4
851,55.1,20.4,59.6
852,61.0,19.3,41.7
853,54.9,21.4,52.7
854,57.5,21.8,53.2
855,54.0,21.4,44.2
856,57.2,19.7,51.7
857,51.8,20.7,46.4
858,60.5,18.0,52.1
859,59.5,19.4,57.6
860,55.3,20.4,59.1
861,55.1,22.0,41.9
862,55.7,18.5,55.1
863,55.1,18.3,48.2
864,53.4,18.3,49.8
865,51.5,21.6,48.7
866,55.5,18.9,59.7
867,54.9,18.8,59.7
868,57.5,18.8,41.7
869,55.3,19.3,48.4
870,52.8,21.1,55.5
871,51.4,17.9,53.2
872,50.3,17.4,55.7
873,53.6,19.7,44.2
874,48.4,20.1,60.4
875,57.5,17.6,46.3
876,53.1,19.5,50.3
877,56.8,20.6,50.2
878,55.0,19.0,42.9
879,53.5,21.1,52.6
880,48.3,18.7,43.3
881,49.5,18.4,55.3
882,51.7,18.5,41.2
883,56.3,19.1,55.8
884,51.0,17.3,45.9
885,51.2,18.4,47.3
886,53.8,17.8,47.8
887,52.2,20.5,53.8
888,52.4,17.3,59.7
889,55.3,18.5,50.8
890,45.3,20.0,50.2
891,52.1,19.0,54.4
892,45.0,20.7,49.0
893,53.9,17.0,51.1
894,49.3,17.1,58.3
895,50.6,20.2,41.7
896,51.5,16.7,54.3
897,49.8,17.9,49.9
898,44.6,17.9,55.1
899,47.2,20.1,41.7
900,46.9,18.2,58.6
901,48.3,17.5,41.6
902,43.9,19.8,40.8
903,42.7,18.4,46.3
904,45.6,18.1,54.4
905,50.6,18.5,56.0
906,43.5,19.9,44.7
907,49.2,17.2,47.8
908,47.0,19.5,44.4
909,44.6,19.5,42.3
910,42.0,17.0,58.3
911,43.7,17.3,43.5
912,44.6,19.6,45.4
913,46.1,18.2,53.8
914,41.7,17.0,50.8
915,41.3,18.1,55.6
916,40.7,18.6,47.0
917,48.0,18.8,57.1
918,41.6,17.4,49.6
919,45.6,18.4,53.2
920,46.0,19.0,58.2
921,45.3,16.3,55.8
922,39.3,20.2,44.8
923,44.2,17.6,41.3
924,42.3,17.5,40.6
925,41.6,16.8,49.2
926,39.9,16.2,47.2
927,45.3,16.6,49.6
928,45.6,20.0,55.9
929,39.6,19.3,43.5
930,40.0,16.3,40.8
931,40.7,17.5,54.1
932,38.7,18.9,55.3
933,41.4,16.5,41.6
934,40.6,18.3,41.7
935,41.5,16.5,41.0
936,36.5,19.8,48.5
937,37.2,17.0,47.5
938,44.8,19.3,41.0
939,40.8,19.4,46.1
940,35.9,19.1,46.8
941,37.1,18.9,49.4
942,43.4,17.4,51.1
943,42.7,16.7,46.4
944,37.7,18.4,56.4
945,35.5,17.1,44.3
946,36.1,19.4,44.4
947,38.6,19.7,49.9
948,34.7,16.1,42.0
949,34.6,18.2,45.6
950,38.4,16.4,57.9
951,41.1,18.3,42.0
952,39.8,17.8,43.9
953,36.1,20.4,53.7
954,38.0,17.5,48.7
955,39.3,16.3,58.0
956,39.7,19.3,58.2
957,38.2,18.6,42.2
958,36.1,16.5,45.5
959,34.3,17.6,42.3
960,36.8,19.2,46.6
961,33.9,16.3,44.0
962,37.7,17.5,54.4
963,38.0,19.2,51.7
964,36.5,17.6,44.2
965,38.4,16.8,57.6
966,35.0,16.6,51.0
967,37.0,18.6,50.4
968,32.1,18.0,44.5
969,35.0,20.2,57.7
970,34.5,18.2,50.1
971,30.1,19.2,48.5
972,32.0,18.1,57.9
973,32.4,16.3,59.1
974,33.7,20.1,48.1
975,31.3,17.9,44.3
976,29.4,19.3,56.4
977,31.5,18.3,43.3
978,26.2,18.9,41.1
979,26.9,16.4,54.8
980,27.6,17.7,42.2
981,29.2,17.0,57.9
982,26.6,18.2,43.3
983,32.7,19.6,49.6
984,30.3,18.9,42.8
985,27.4,17.4,44.5
986,34.1,18.2,47.8
987,33.0,19.6,43.7
988,26.2,20.8,59.9
989,24.9,19.6,41.0
990,29.4,16.9,45.9
991,27.3,18.9,53.6
992,29.1,18.7,45.6
993,25.3,17.4,48.4
994,23.6,20.5,44.5
995,27.5,19.8,45.9
996,27.6,20.1,52.3
997,22.9,19.6,58.8
998,26.3,17.8,49.0
999,23.1,18.0,58.7
1000,30.4,18.5,53.9
1001,23.8,21.0,52.0
1002,24.5,20.7,41.7
1003,21.7,17.8,50.3
1004,28.6,20.9,59.5
1005,21.6,17.8,60.3
1006,22.6,18.5,57.9
1007,28.0,18.2,54.3
1008,24.5,20.6,52.3
1009,30.1,19.4,56.4
1010,24.8,19.9,47.3
1011,23.5,21.1,41.4
1012,25.3,18.5,42.4
1013,27.6,21.4,54.9
1014,21.1,19.7,59.0
1015,21.5,17.6,42.1
1016,25.3,21.4,47.1
1017,24.0,19.7,43.6
1018,23.3,20.6,56.9
1019,26.7,18.2,41.9
1020,27.7,21.3,51.6
1021,25.2,18.4,60.7
1022,24.2,21.7,53.0
1023,25.1,20.7,49.3
1024,25.4,18.6,53.6
1025,23.6,21.3,50.6
1026,20.8,18.2,53.4
1027,21.6,19.9,48.0
1028,19.7,21.8,42.4
1029,22.4,21.7,54.3
1030,24.4,20.8,58.8
1031,26.1,20.7,42.2
1032,18.8,18.3,45.2
1033,20.1,18.5,57.7
1034,20.9,18.0,54.9
1035,23.9,22.0,56.5
1036,23.3,20.6,57.8
1037,25.0,19.3,58.9
1038,16.6,22.0,52.3
1039,16.3,20.9,45.7
1040,17.8,20.3,47.0
1041,23.0,19.8,48.7
1042,24.4,19.2,46.6
1043,16.1,19.6,56.7
1044,22.1,20.8,53.3
1045,21.0,21.6,56.7
1046,17.1,21.3,43.8
1047,18.6,22.2,58.5
1048,20.8,19.6,42.9
1049,19.9,19.1,42.9
1050,17.2,21.4,57.3
1051,24.0,19.2,56.6
1052,21.1,22.0,47.7
1053,24.0,21.3,52.6
1054,15.7,19.7,43.9
1055,16.8,19.1,56.3
1056,15.3,19.8,55.2
1057,16.7,20.9,46.4
1058,19.4,22.3,47.4
1059,22.4,19.3,49.0
1060,18.6,23.3,60.5
1061,19.2,22.4,47.2
1062,18.9,22.7,55.6
1063,14.2,22.9,49.3
1064,13.5,19.8,60.6
1065,22.9,23.5,61.7
1066,16.6,19.7,59.8
1067,21.5,21.7,54.4
1068,15.7,19.5,45.1
1069,16.5,21.3,52.5
1070,14.4,22.4,44.6
1071,16.4,22.2,46.1
1072,20.1,22.9,44.1
1073,19.9,20.4,48.3
1074,19.6,22.9,51.4
1075,19.6,21.4,57.8
1076,12.9,23.2,53.5
1077,20.4,24.1,54.6
1078,13.7,20.4,61.6
1079,17.2,21.9,51.3
1080,19.0,20.7,45.0
1081,14.7,20.9,55.9
1082,16.9,24.0,46.4
1083,20.7,20.2,47.1
1084,17.2,22.5,50.5
1085,14.7,21.9,54.7
1086,18.2,21.7,59.1
1087,17.3,22.3,52.3
1088,18.7,23.9,62.8
1089,12.7,21.4,59.2
1090,11.7,21.3,52.8
1091,19.8,21.4,51.7
1092,19.2,24.1,48.7
1093,21.3,22.2,47.4
1094,14.8,25.0,59.6
1095,20.4,22.3,54.8
1096,12.9,22.2,52.1
1097,20.1,24.5,61.8
1098,14.6,21.1,55.7
1099,19.6,22.3,48.9
1100,14.3,24.9,59.1
1101,12.1,22.7,48.5
1102,19.9,21.4,60.1
1103,12.9,22.7,61.8
1104,20.6,22.6,50.5
1105,18.2,21.7,52.0
1106,20.1,21.5,60.3
1107,21.0,22.9,56.7
1108,18.3,22.2,58.8
1109,18.3,24.4,61.7
1110,15.3,21.6,46.7
1111,15.1,21.5,54.3
1112,20.5,23.7,45.6
1113,12.8,23.4,54.7
1114,20.8,22.0,62.1
1115,13.7,21.9,59.6
1116,14.7,24.7,61.2
1117,18.3,22.1,60.3
1118,12.2,24.2,62.8
1119,19.4,23.2,46.5
1120,18.2,22.1,48.9
1121,17.1,22.4,46.3
1122,13.1,26.2,57.4
1123,14.7,26.3,45.8
1124,12.8,22.4,49.6
1125,20.9,22.5,60.6
1126,19.5,23.4,50.8
1127,20.7,23.7,63.9
1128,14.5,26.4,47.3
1129,17.7,22.9,48.7
1130,19.6,25.2,51.8
1131,19.7,23.6,53.0
1132,13.9,23.2,50.4
1133,17.0,22.7,49.7
1134,17.6,22.8,62.2
1135,14.9,24.5,48.0
1136,13.3,25.1,51.5
1137,22.8,23.2,54.7
1138,22.0,24.8,45.6
1139,18.0,24.9,64.8
1140,21.0,25.7,58.8
1141,23.1,23.7,58.6
1142,22.4,22.9,59.6
1143,16.6,23.8,59.8
1144,22.6,24.4,52.6
1145,18.1,23.9,61.8
1146,16.6,27.1,50.4
1147,20.9,27.2,53.8
1148,18.8,25.1,60.9
1149,14.9,27.1,58.2
1150,22.2,27.1,61.6
1151,22.1,23.5,52.8
1152,22.2,24.3,47.3
1153,16.3,23.9,63.6
1154,23.5,27.2,62.8
1155,23.9,26.5,52.3
1156,16.0,24.2,59.6
1157,25.0,26.5,63.9
1158,20.3,25.4,62.4
1159,23.2,26.8,50.7
1160,16.3,25.3,57.7
1161,16.3,25.2,53.6
1162,17.9,24.2,49.9
1163,20.2,24.4,52.3
1164,18.2,27.9,53.1
1165,24.9,25.1,50.6
1166,16.7,25.9,50.3
1167,25.0,27.0,49.6
1168,24.0,26.9,62.0
1169,23.5,24.1,57.2
1170,19.8,24.5,53.1
1171,17.2,24.6,55.1
1172,23.8,27.3,49.0
1173,17.5,24.7,65.1
1174,21.3,27.5,62.4
1175,20.5,26.6,63.2
1176,27.1,28.2,49.0
1177,22.8,27.0,50.7
1178,18.7,27.9,57.3
1179,27.4,27.9,60.8
1180,24.4,26.6,53.9
1181,19.8,26.5,65.0
1182,28.6,28.3,52.8
1183,26.5,28.9,55.8
1184,28.8,25.5,52.3
1185,25.6,25.8,57.1
1186,27.4,26.3,49.1
1187,23.5,28.7,49.7
1188,22.3,26.4,55.6
1189,23.5,25.0,53.2
1190,24.4,24.9,57.5
1191,26.6,25.7,59.0
1192,25.7,26.8,64.3
1193,23.2,26.8,55.0
1194,28.7,26.4,50.7
1195,21.6,29.0,59.2
1196,29.9,25.5,56.2
1197,24.7,28.2,51.1
1198,25.2,27.3,63.0
1199,23.5,28.7,66.1
1200,22.1,27.6,53.7
1201,28.1,26.0,58.1
1202,23.6,25.2,51.7
1203,29.0,26.2,52.4
1204,26.9,25.9,66.6
1205,26.5,25.3,52.6
1206,25.3,27.5,51.8
1207,24.2,28.2,60.1
1208,26.8,29.6,51.5
1209,28.3,26.6,51.1
1210,25.2,26.2,57.8
1211,33.5,26.4,62.6
1212,31.5,29.5,49.9
1213,33.5,25.8,67.1
1214,30.4,25.7,68.2
1215,32.7,25.4,58.5
1216,25.3,27.1,52.2
1217,25.6,29.0,51.7
1218,32.8,27.9,56.0
1219,28.5,28.7,63.3
1220,34.6,29.5,62.6
1221,31.7,29.8,64.0
1222,26.6,29.2,54.2
1223,29.8,26.7,53.6
1224,32.0,28.1,64.0
1225,37.0,27.1,61.9
1226,33.9,28.2,51.3
1227,35.4,28.4,67.8
1228,31.4,26.7,64.7
1229,33.3,26.7,68.1
1230,28.4,29.5,60.4
1231,31.1,28.8,59.0
1232,35.5,26.3,56.4
1233,36.3,27.1,54.3
1234,38.6,29.8,65.2
1235,37.8,28.6,69.8
1236,31.8,26.6,60.0
1237,38.7,28.6,53.9
1238,39.3,26.4,66.0
1239,34.1,25.9,63.5
1240,38.5,26.3,52.5
1241,37.8,28.7,54.8
1242,32.0,27.8,53.0
1243,40.1,29.1,54.5
1244,31.6,26.2,62.2
1245,38.8,28.6,65.4
1246,33.8,26.8,67.8
1247,39.7,25.9,65.8
1248,40.2,29.7,58.6
1249,37.3,26.6,68.9
1250,36.9,26.5,67.1
1251,37.7,30.1,56.0
1252,37.8,26.3,56.7
1253,33.9,28.8,69.7
1254,36.2,26.9,63.8
1255,39.4,29.1,58.9
1256,43.1,26.8,54.7
1257,37.1,28.5,71.0
1258,34.6,26.4,62.9
1259,42.2,29.2,67.6
1260,41.8,25.8,55.6
1261,44.8,28.9,66.2
1262,41.4,26.6,63.4
1263,43.9,28.6,56.2
1264,42.7,29.3,68.6
1265,41.8,29.7,69.2
1266,41.8,28.2,61.6
1267,42.1,30.1,56.2
1268,39.2,27.7,70.5
1269,44.0,25.9,67.5
1270,41.2,28.9,58.7
1271,37.6,26.7,65.2
1272,40.4,28.5,71.6
1273,45.4,27.9,58.2
1274,38.9,29.5,59.5
1275,46.6,25.8,63.0
1276,44.7,29.0,68.3
1277,48.1,28.7,71.7
1278,48.0,27.8,72.2
1279,40.0,27.6,72.0
1280,42.1,29.9,60.1
1281,45.8,27.3,67.5
1282,48.5,30.0,62.6
1283,42.1,25.7,69.1
1284,45.8,26.1,70.5
1285,48.4,27.1,70.8
1286,47.0,28.2,53.7
1287,44.2,29.5,55.7
1288,49.2,28.8,59.7
1289,44.6,26.3,66.7
1290,48.4,25.8,65.9
1291,47.6,27.0,60.5
1292,45.7,26.7,72.1
1293,51.5,27.6,58.1
1294,50.1,27.5,55.8
1295,42.9,29.2,56.1
1296,44.8,28.5,61.6
1297,52.5,29.1,73.3
1298,50.9,27.8,59.7
1299,44.7,26.1,65.8
1300,52.9,27.6,56.9
1301,48.0,25.4,65.0
1302,43.8,25.5,57.0
1303,46.4,25.7,69.0
1304,50.8,29.0,58.0
1305,46.0,28.8,66.9
1306,46.6,28.8,69.6
1307,51.2,28.5,60.1
1308,52.1,27.5,72.8
1309,47.3,25.8,65.2
1310,53.5,28.3,62.0
1311,52.3,27.8,69.9
1312,51.1,28.1,66.3
1313,48.6,28.9,59.5
1314,52.9,28.3,68.5
1315,49.2,28.7,67.7
1316,49.9,28.3,65.8
1317,52.5,27.7,74.2
1318,47.2,28.4,62.3
1319,51.7,25.4,74.2
1320,57.0,27.5,66.7
1321,53.2,29.0,67.2
1322,54.9,27.5,67.2
1323,57.6,26.3,56.6
1324,56.0,26.6,69.5
1325,52.0,25.0,75.0
1326,56.0,24.8,75.2
1327,50.7,25.3,61.7
1328,51.6,27.6,72.2
1329,57.2,28.0,61.3
1330,51.4,26.8,65.9
1331,57.7,24.6,70.6
1332,51.4,28.6,60.2
1333,58.3,27.5,60.0
1334,53.1,25.0,72.8
1335,52.1,27.4,73.6
1336,52.4,26.7,73.4
1337,56.0,25.6,62.3
1338,57.6,26.6,69.7
1339,53.5,25.9,71.2
1340,56.8,28.3,57.3
1341,60.1,26.9,61.4
1342,55.7,25.2,59.5
1343,57.5,28.1,70.0
1344,60.2,24.6,65.5
1345,60.7,24.1,63.0
1346,55.2,27.5,75.2
1347,55.9,28.1,60.3
1348,55.3,25.0,73.4
1349,55.8,26.4,67.8
1350,57.2,24.2,75.5
1351,57.0,25.6,58.6
1352,56.6,26.3,68.8
1353,54.7,26.7,58.8
1354,61.7,25.9,62.5
1355,53.7,25.0,58.5
1356,58.4,27.7,73.9
1357,59.6,26.8,60.7
1358,55.0,26.1,62.2
1359,53.5,27.6,76.4
1360,53.9,25.1,72.0
1361,55.0,23.4,67.4
1362,58.7,23.3,65.8
1363,55.1,24.1,63.8
1364,63.0,26.1,66.0
1365,60.4,25.7,61.6
1366,59.5,24.0,59.5
1367,59.7,27.1,59.5
1368,62.3,23.9,74.6
1369,56.1,26.0,61.6
1370,56.5,25.7,61.3
1371,58.1,27.3,77.6
1372,60.3,25.5,64.2
1373,61.0,23.2,60.5
1374,58.2,25.1,64.3
1375,63.5,24.8,72.5
1376,55.2,22.7,67.7
1377,55.3,23.4,73.7
1378,62.6,24.1,76.9
1379,55.8,23.2,59.0
1380,60.7,26.4,70.3
1381,64.2,23.7,74.1
1382,64.4,26.1,74.0
1383,59.0,26.7,75.1
1384,58.9,22.9,73.6
1385,56.9,24.1,74.0
1386,59.1,26.6,70.1
1387,58.8,25.7,73.1
1388,57.8,24.2,59.8
1389,58.0,22.4,76.0
1390,60.6,26.4,75.8
1391,57.7,24.1,61.4
1392,60.5,23.7,77.4
1393,62.8,22.4,73.9
1394,57.2,25.9,61.3
1395,58.9,24.4,74.2
1396,56.9,22.6,65.2
1397,61.9,24.2,59.7
1398,57.2,22.6,69.4
1399,64.3,24.8,78.0
1400,61.3,23.4,71.8
1401,59.5,23.8,67.6
1402,56.9,24.5,62.0
1403,63.1,23.9,70.4
1404,65.6,22.9,73.1
1405,64.0,22.3,75.9
1406,59.9,24.9,73.4
1407,62.0,24.1,74.8
1408,59.9,22.8,62.1
1409,63.6,21.2,75.3
1410,56.6,23.8,61.6
1411,57.4,24.0,70.3
1412,62.3,21.3,67.6
1413,57.7,25.3,67.4
1414,61.8,23.3,62.2
1415,64.6,24.1,68.0
1416,62.6,21.2,60.5
1417,62.3,24.4,70.4
1418,61.3,21.8,68.8
1419,64.8,22.2,63.1
1420,65.7,24.7,75.8
1421,59.3,23.2,74.7
1422,64.3,21.4,68.9
1423,65.4,22.0,79.8
1424,58.6,23.2,75.0
1425,59.6,22.6,65.2
1426,65.8,22.3,68.9
1427,58.0,22.2,78.2
1428,65.3,22.1,77.3
1429,57.9,21.7,65.8
1430,56.2,23.8,64.0
1431,64.1,21.8,75.3
1432,62.9,20.2,79.6
1433,56.8,23.4,71.2
1434,64.3,21.8,63.0
1435,61.6,23.0,77.5
1436,61.1,21.5,73.2
1437,63.2,20.6,75.0
1438,58.5,21.6,64.4
1439,59.9,21.0,74.2
1440,58.9,22.8,74.3
1441,60.7,23.9,66.8
1442,65.4,20.3,70.4
1443,56.7,22.2,75.5
1444,58.2,21.9,63.8
1445,64.0,21.9,69.0
1446,61.5,19.8,70.2
1447,57.0,20.6,66.3
1448,59.4,23.1,73.6
1449,58.3,21.2,67.0
1450,57.4,23.5,80.6
1451,55.0,20.2,71.8
1452,59.0,19.7,61.7
1453,58.7,20.6,78.9
1454,59.0,22.8,74.4
1455,56.8,22.7,76.7
1456,57.1,21.2,64.4
1457,59.7,20.5,81.2
1458,60.4,23.1,76.1
1459,59.9,19.0,64.9
1460,57.3,19.3,70.1
1461,55.9,21.6,74.1
1462,56.4,19.3,79.4
1463,55.4,21.2,76.5
1464,55.7,21.5,79.5
1465,55.1,20.0,78.0
1466,58.8,20.0,63.0
1467,56.0,18.7,64.8
1468,56.5,19.5,76.4
1469,56.3,20.6,74.9
1470,60.3,21.0,80.2
1471,58.4,18.4,74.8
1472,59.3,20.4,78.1
1473,52.8,19.8,81.5
1474,53.9,19.9,67.6
1475,55.3,20.2,62.3
1476,59.4,18.7,70.3
1477,61.7,19.4,70.9
1478,57.7,21.3,68.3
1479,60.2,20.0,73.8
1480,57.2,19.1,66.7
1481,54.5,17.9,76.7
1482,59.9,21.7,65.9
1483,51.7,20.8,66.5
1484,53.7,19.5,62.5
1485,55.3,18.4,76.5
1486,60.0,20.9,81.7
1487,55.2,18.9,81.8
1488,57.3,18.2,81.2
1489,50.5,19.9,81.4
1490,56.4,21.5,79.2
1491,55.7,17.8,69.7
1492,56.7,19.1,67.3
1493,52.8,20.3,67.2
1494,58.8,19.1,70.4
1495,50.2,20.0,68.1
1496,57.8,21.7,73.5
1497,58.6,19.2,66.1
1498,55.1,18.7,71.8
1499,57.6,20.9,69.8
1500,56.8,20.8,71.2
1501,53.4,19.8,68.4
1502,55.9,18.1,82.2
1503,52.0,18.7,72.9
1504,55.4,20.7,68.4
1505,53.0,19.7,65.3
1506,50.2,19.8,78.2
1507,51.5,18.4,74.9
1508,51.4,19.1,65.7
1509,47.5,19.5,69.8
1510,47.3,18.0,82.1
1511,53.9,19.1,75.2
1512,51.8,20.5,72.4
1513,53.5,20.9,66.5
1514,51.3,18.8,81.0
1515,53.8,20.2,78.0
1516,49.1,18.8,82.6
1517,49.8,17.8,70.2
1518,52.6,20.3,74.5
1519,51.1,18.4,66.8
1520,53.7,17.9,78.8
1521,50.9,19.4,81.0
1522,52.5,19.8,68.8
1523,45.0,20.1,79.0
1524,46.9,16.7,65.8
1525,45.3,19.3,81.9
1526,46.5,20.7,77.7
1527,53.2,16.7,74.3
1528,48.6,18.4,78.9
1529,46.5,18.7,64.3
1530,49.8,20.4,67.4
1531,47.4,20.2,72.1
1532,44.3,19.9,82.0
1533,50.9,20.4,67.0
1534,42.7,20.5,78.9
1535,49.0,16.7,75.6
1536,42.9,16.9,77.1
1537,46.7,18.8,77.9
1538,46.3,20.2,72.4
1539,49.4,18.0,64.1
1540,47.0,17.8,70.0
1541,40.7,19.6,68.8
1542,48.5,20.2,66.4
1543,48.6,20.3,71.1
1544,49.1,18.4,67.5
1545,44.0,16.6,64.5
1546,45.3,18.2,66.9
1547,47.4,19.1,66.9
1548,39.6,19.8,66.0
1549,47.6,17.4,71.2
1550,47.3,17.1,64.4
1551,40.0,16.2,71.3
1552,39.9,16.3,66.1
1553,45.5,17.1,66.7
1554,46.3,19.6,76.8
1555,38.8,20.1,79.8
1556,39.5,16.2,66.7
1557,46.8,19.2,82.4
1558,44.1,19.5,79.4
1559,42.3,19.1,67.3
1560,45.1,18.9,79.5
1561,38.0,17.2,78.0
1562,41.9,16.9,82.1
1563,38.5,20.0,68.3
1564,37.2,19.2,69.8
1565,36.2,18.6,73.2
1566,44.9,18.8,68.2
1567,38.4,17.3,65.6
1568,40.6,20.4,75.5
1569,40.4,18.1,73.3
1570,41.1,20.2,73.2
1571,37.3,19.0,80.6
1572,42.9,17.2,67.9
1573,37.6,17.3,67.4
1574,38.9,19.9,70.1
1575,34.7,19.8,82.2
1576,33.3,19.3,65.1
1577,36.3,18.1,73.8
1578,39.7,17.7,65.1
1579,38.5,17.5,72.1
1580,34.3,17.2,81.5
1581,32.6,16.1,82.3
1582,39.5,17.8,82.4
1583,32.8,17.7,73.1
1584,40.2,19.5,77.6
1585,38.9,19.1,64.6
1586,35.9,17.2,71.2
1587,39.6,19.0,80.0
1588,39.8,18.3,78.3
1589,30.1,17.2,76.8
1590,34.3,19.6,67.4
1591,35.1,17.2,76.0
1592,30.3,16.2,71.2
1593,29.7,18.4,77.6
1594,37.3,19.8,80.7
1595,37.7,16.9,76.2
1596,29.9,18.6,73.6
1597,33.2,17.7,65.0
1598,33.7,18.8,78.8
1599,30.8,19.1,70.2
1600,32.5,18.7,71.2
1601,29.0,20.0,70.1
1602,27.7,17.1,74.1
1603,33.3,20.5,64.2
1604,33.6,16.7,69.1
1605,33.0,19.7,65.7
1606,27.0,20.6,75.2
1607,28.1,19.7,65.7
1608,30.3,17.8,71.5
1609,32.5,19.3,67.7
1610,27.4,17.0,82.7
1611,28.6,18.0,74.5
1612,27.7,19.2,79.7
1613,30.0,19.5,81.7
1614,31.9,19.4,69.7
1615,26.8,19.4,78.1
1616,27.1,16.6,65.3
1617,25.6,20.1,78.2
1618,29.9,18.4,80.1
1619,24.9,20.8,76.5
1620,24.8,19.6,68.9
1621,29.6,19.2,64.9
1622,24.8,20.5,80.7
1623,32.8,18.5,74.8
1624,23.6,19.6,63.4
1625,29.2,19.7,64.2
1626,24.9,17.2,70.1
1627,23.1,18.1,74.6
1628,23.8,20.7,73.6
1629,30.7,21.1,74.9
1630,28.4,17.9,73.5
1631,26.6,17.8,70.6
1632,30.9,20.0,77.8
1633,25.4,20.2,68.4
1634,22.8,19.3,72.7
1635,30.0,19.4,76.0
1636,23.9,18.5,71.6
1637,24.2,19.6,70.3
1638,22.2,19.2,63.4
1639,26.7,18.1,81.2
1640,26.9,21.1,65.6
1641,20.1,17.6,76.2
1642,29.2,19.2,67.2
1643,28.8,20.9,78.5
1644,21.4,21.3,72.8
1645,22.9,17.9,68.3
1646,24.6,21.6,79.1
1647,23.6,18.5,72.9
1648,19.8,20.6,80.6
1649,21.5,20.9,81.9
1650,20.1,20.5,70.7
1651,25.1,18.5,64.4
1652,18.6,20.7,77.8
1653,19.3,21.6,79.0
1654,19.9,17.8,68.1
1655,23.2,18.3,81.8
1656,23.9,19.3,78.1
1657,21.0,19.5,71.9
1658,24.1,22.1,72.2
1659,18.6,19.8,64.3
1660,22.6,19.3,78.9
1661,25.6,21.8,76.4
1662,18.0,18.6,80.9
1663,18.6,19.9,69.9
1664,23.9,19.5,76.7
1665,21.4,20.5,76.6
1666,24.9,19.7,74.0
1667,23.3,18.9,76.1
1668,19.6,21.5,64.4
1669,23.4,21.5,73.6
1670,16.9,19.3,73.5
1671,15.4,20.0,65.9
1672,20.9,21.6,79.2
1673,17.4,22.7,76.1
1674,20.6,21.2,66.1
1675,15.3,19.2,68.7
1676,20.8,22.7,76.4
1677,20.3,21.8,74.3
1678,21.2,21.3,62.5
1679,22.7,21.1,65.1
1680,18.1,19.2,72.9
1681,21.8,21.4,79.4
1682,18.1,19.9,79.0
1683,21.3,20.1,77.1
1684,18.6,19.7,69.9
1685,19.0,19.6,65.4
1686,20.0,21.6,65.2
1687,15.0,20.7,65.1
1688,17.1,23.2,74.0
1689,16.4,19.8,67.9
1690,19.9,22.2,74.4
1691,19.5,23.1,76.2
1692,13.9,21.7,79.0
1693,14.4,21.3,78.2
1694,15.1,20.1,65.6
1695,20.0,20.4,75.5
1696,20.9,22.6,68.5
1697,20.3,21.0,68.9
1698,17.7,20.7,69.2
1699,14.8,21.3,65.8
1700,20.8,21.9,80.2
1701,19.9,22.1,64.9
1702,16.4,22.3,79.1
1703,15.6,23.2,79.2
1704,21.6,23.4,70.2
1705,19.0,20.1,78.4
1706,15.0,19.9,62.8
1707,12.6,23.8,71.9
1708,15.6,23.7,66.8
1709,14.7,21.8,65.2
1710,13.4,21.2,80.1
1711,16.1,24.0,67.7
1712,13.0,21.4,77.6
1713,17.0,21.7,68.7
1714,13.1,21.3,72.0
1715,13.3,23.4,76.2
1716,20.6,21.9,78.7
1717,15.0,22.0,80.0
1718,16.7,20.7,70.9
1719,13.6,21.1,67.6
1720,18.6,23.7,75.5
1721,13.3,23.1,78.8
1722,15.3,24.4,71.8
1723,16.9,24.3,65.1
1724,14.3,23.0,75.3
1725,12.7,20.9,76.6
1726,17.5,24.9,62.3
1727,13.0,22.0,77.0
1728,17.8,21.5,67.3
1729,12.0,22.7,73.4
1730,15.4,23.7,71.3
1731,21.2,22.5,65.6
1732,14.4,23.2,67.8
1733,15.1,24.0,62.5
1734,21.6,24.1,76.3
1735,20.9,22.3,74.2
1736,18.1,23.2,69.2
1737,20.6,23.0,76.9
1738,20.5,25.3,62.9
1739,13.0,23.4,61.4
1740,20.0,23.8,79.2
1741,20.7,25.6,63.9
1742,15.6,23.1,60.0
1743,12.2,22.8,78.0
1744,12.3,25.9,75.9
1745,12.0,25.4,60.3
1746,12.6,21.9,66.4
1747,19.1,22.3,68.4
1748,17.2,25.3,73.5
1749,17.4,23.6,75.7
1750,14.3,23.2,65.2
1751,12.9,25.9,66.0
1752,17.0,25.9,65.7
1753,19.0,24.7,67.6
1754,22.1,24.3,67.6
1755,19.1,26.6,68.9
1756,20.6,26.3,69.8
1757,18.0,24.2,68.8
1758,20.5,24.9,77.8
1759,16.3,22.8,64.3
1760,20.8,23.9,70.0
1761,16.2,24.3,76.5
1762,20.1,23.3,64.2
1763,14.8,24.1,61.2
1764,20.1,27.0,60.2
1765,16.2,24.3,69.8
1766,17.8,23.7,69.3
1767,16.1,23.1,66.8
1768,21.7,24.4,66.7
1769,22.9,24.4,75.7
1770,13.6,26.0,65.5
1771,19.6,23.5,66.7
1772,18.3,24.7,74.9
1773,17.7,25.8,74.6
1774,22.0,25.2,65.5
1775,21.6,26.3,69.3
1776,14.4,25.2,62.3
1777,22.4,23.5,62.3
1778,14.5,23.7,58.4
1779,19.2,24.5,67.6
1780,15.5,27.2,75.7
1781,18.3,25.8,61.8
1782,20.7,26.4,71.0
1783,18.8,25.9,68.6
1784,18.1,27.6,60.1
1785,18.3,24.3,62.8
1786,16.5,25.8,76.9
1787,24.2,26.1,62.9
1788,23.5,25.7,58.8
1789,19.6,23.7,63.8
1790,23.0,27.6,61.2
1791,24.8,27.8,66.5
1792,24.1,23.9,59.5
1793,25.0,24.2,58.3
1794,22.6,27.0,75.3
1795,18.9,24.6,72.6
1796,20.7,28.0,71.3
1797,18.9,26.9,57.1
1798,23.3,28.2,68.1
1799,23.3,27.8,68.4
1800,17.7,25.3,65.4
1801,19.6,28.0,60.0
1802,19.1,25.0,73.2
1803,25.7,25.4,64.3
1804,23.7,27.6,64.4
1805,25.2,24.6,74.7
1806,23.8,24.7,68.7
1807,23.1,26.5,64.8
1808,21.1,25.9,71.7
1809,24.7,26.1,62.7
1810,22.2,25.1,73.2
1811,26.8,28.3,60.2
1812,19.5,27.8,71.2
1813,19.5,26.4,61.0
1814,29.3,24.8,68.1
1815,26.8,26.5,62.0
1816,26.1,28.1,68.7
1817,27.0,28.3,57.9
1818,26.6,24.8,65.5
1819,26.2,27.0,62.6
1820,21.8,26.8,68.0
1821,25.8,27.2,61.3
1822,22.0,26.8,63.7
1823,22.7,27.9,60.0
1824,30.9,28.4,67.5
1825,22.2,27.8,70.6
1826,24.8,27.2,73.5
1827,31.7,25.6,73.2
1828,29.8,26.2,60.1
1829,25.4,25.2,66.2
1830,24.5,27.5,72.6
1831,23.0,29.0,72.5
1832,31.9,26.7,67.3
1833,31.9,25.9,60.3
1834,31.9,28.8,56.9
1835,24.2,26.4,63.5
1836,26.7,25.6,74.2
1837,33.3,28.3,64.9
1838,29.7,28.0,68.7
1839,33.8,28.2,69.2
1840,34.1,29.6,71.5
1841,29.5,27.2,66.7
1842,25.5,26.4,70.8
1843,29.4,25.5,71.0
1844,29.3,29.3,59.9
1845,26.5,27.9,59.7
1846,26.9,26.9,68.0
1847,33.6,26.2,68.0
1848,33.7,28.7,55.1
1849,30.8,26.5,69.8
1850,33.6,27.2,67.1
1851,29.1,27.3,60.9
1852,32.9,26.6,69.7
1853,36.1,26.5,65.8
1854,32.4,29.7,67.2
1855,35.7,26.9,62.7
1856,30.5,26.4,56.0
1857,33.5,27.2,57.8
1858,33.7,26.2,70.7
1859,38.1,28.9,71.5
1860,34.6,26.1,60.3
1861,33.1,28.0,65.1
1862,31.0,29.3,66.3
1863,30.1,28.7,60.6
1864,37.8,29.8,62.9
1865,38.7,27.4,66.2
1866,37.6,27.6,60.8
1867,30.1,28.4,69.4
1868,34.8,27.6,63.6
1869,37.8,30.0,54.6
1870,39.1,29.7,70.0
1871,37.6,26.2,54.4
1872,34.2,26.1,59.8
1873,37.5,25.9,56.4
1874,39.3,27.9,57.6
1875,33.5,30.0,63.7
1876,36.1,27.3,65.9
1877,37.3,29.4,66.3
1878,38.7,26.4,63.7
1879,36.8,28.1,56.9
1880,33.9,28.8,66.3
1881,43.0,26.3,64.9
1882,41.0,30.1,56.1
1883,41.6,28.0,58.9
1884,38.8,27.6,55.5
1885,41.8,26.7,68.3
1886,37.6,29.2,55.7
1887,37.8,25.9,60.1
1888,37.3,27.9,52.6
1889,35.6,27.6,63.3
1890,35.2,27.1,65.2
1891,43.6,29.6,60.3
1892,44.1,27.3,68.0
1893,39.2,27.9,52.2
1894,43.5,28.7,67.7
1895,41.4,27.1,67.3
1896,46.4,29.0,56.3
1897,36.8,29.0,60.3
1898,44.4,26.1,60.7
1899,44.6,29.7,61.4
1900,39.7,29.1,61.1
1901,37.8,29.4,68.5
1902,47.2,29.8,60.2
1903,41.7,27.0,66.1
1904,46.2,28.6,54.8
1905,40.4,29.3,55.2
1906,40.4,29.1,70.1
1907,41.4,27.7,59.1
1908,48.5,28.8,65.2
1909,42.8,29.6,66.0
1910,42.2,29.0,65.0
1911,41.1,26.4,53.8
1912,48.3,29.0,64.1
1913,42.5,26.7,50.6
1914,46.7,29.6,66.4
1915,47.2,27.2,62.4
1916,44.4,26.6,66.8
1917,43.2,29.0,52.4
1918,49.5,26.2,63.9
1919,47.5,27.5,52.8
1920,41.7,26.7,68.9
1921,46.1,28.7,66.8
1922,45.8,29.8,62.5
1923,52.0,25.8,63.5
1924,52.2,26.8,54.6
1925,47.9,26.3,51.1
1926,48.1,28.9,58.7
1927,50.5,27.9,60.7
1928,50.5,26.1,52.8
1929,47.8,25.7,67.3
1930,44.8,26.1,67.7
1931,50.4,26.9,62.9
1932,44.8,29.6,66.4
1933,51.8,28.8,62.9
1934,45.7,28.0,63.7
1935,48.9,26.6,59.2
1936,51.6,27.3,64.3
1937,45.6,28.2,64.6
1938,52.9,27.4,67.3
1939,45.6,26.6,49.4
1940,45.7,27.6,58.2
1941,50.6,25.9,54.6
1942,51.6,25.7,62.0
1943,50.8,25.1,49.9
1944,56.1,27.5,64.9
1945,54.4,25.3,62.1
1946,53.6,27.3,63.7
1947,55.7,27.9,61.8
1948,52.5,24.9,52.8
1949,55.2,27.5,58.9
1950,56.6,27.3,67.3
1951,54.4,26.6,66.7
1952,51.0,27.0,52.1
1953,49.6,29.1,57.8
1954,56.0,26.5,62.3
1955,51.4,27.0,67.4
1956,51.8,28.7,55.0
1957,55.7,28.6,63.9
1958,52.5,25.3,54.1
1959,56.6,25.4,55.1
1960,53.8,28.8,56.4
1961,55.0,26.0,57.3
1962,51.5,28.7,60.2
1963,58.1,27.8,65.7
1964,52.8,25.4,62.4
1965,54.9,27.4,56.8
1966,54.5,27.7,62.0
1967,57.4,26.3,62.7
1968,59.9,26.5,56.3
1969,55.2,24.3,65.9
1970,56.5,24.4,48.6
1971,59.7,27.7,49.5
1972,52.9,25.7,58.5
1973,56.4,27.4,50.3
1974,53.5,24.6,52.2
1975,61.0,26.7,53.2
1976,58.0,27.2,48.1
1977,52.0,25.4,65.7
1978,59.4,26.6,62.8
1979,60.9,27.1,47.8
1980,54.0,25.0,60.9
1981,56.6,26.7,65.4
1982,54.2,24.8,60.6
1983,55.8,25.9,60.4
1984,54.6,25.4,52.5
1985,61.2,25.0,54.1
1986,53.9,27.5,60.6
1987,63.1,23.7,55.4
1988,57.7,26.7,57.9
1989,55.1,27.5,64.7
1990,54.7,24.8,54.3
1991,61.3,24.2,48.1
1992,55.4,25.1,63.4
1993,57.9,25.7,60.7
1994,55.6,26.0,55.5
1995,63.0,25.8,46.2
1996,62.1,27.3,46.5
1997,56.3,23.6,53.7
1998,54.4,24.6,59.2
1999,62.3,25.4,62.6
